Community,Parish,City,Latitude,Longitude,Apartment,House,Townhouse,Total
Meadowbrook Estate,St. Andrew,Kingston,18.0477796,-76.8187557,0,3,0,3
Forest Hill,St. Andrew,Kingston,18.0391345,-76.7567368,0,1,0,1
Three Oaks Garden,St. Andrew,Kingston,18.0329576,-76.8236366,0,0,0,0
Grants Pen,St. Andrew,Kingston,18.0329868,-76.7874946,2,0,1,3
Havendale,St. Andrew,Kingston,18.0516394,-76.8115458,0,0,0,0
Hope Pastures,St. Andrew,Kingston,18.0232611,-76.7581794,0,1,0,1
Plantation Heights,St. Andrew,Kingston,18.0413366,-76.8565272,3,0,0,3
Cherry Gardens,St. Andrew,Kingston,18.0434374,-76.7769324,1,1,0,2
Golden Spring,St. Andrew,Kingston,18.0901601,-76.8014512,0,1,0,1
Red Hills,St. Andrew,Kingston,18.0736111,-76.8611111,3,2,0,5
Papine,St. Andrew,Kingston,18.0115978,-76.736538,0,0,0,0
Constant Spring,St. Andrew,Kingston,18.0585596,-76.7855866,1,1,0,2
Stony Hill,St. Andrew,Kingston,18.0736829,-76.7942403,0,0,0,0
Mona,St. Andrew,Kingston,18.0141493,-76.7524087,1,4,0,5
Barbican,St. Andrew,Kingston,18.0256117,-76.7711626,2,1,0,3
Liguanea,St. Andrew,Kingston,18.0147484,-76.7610647,1,1,0,2
Norbrook,St. Andrew,Kingston,18.0554552,-76.782702,0,0,0,0
Waterloo,St. Andrew,Kingston,18.0173136,-76.7920127,7,3,1,11
Jack's Hill,St. Andrew,Kingston,18.0360302,-76.7538514,0,2,0,2
Beverly Hills,St. Andrew,Kingston,18.0077875,-76.7653924,0,0,1,1
Mountain View,St. Andrew,Kingston,17.9914636,-76.7661168,0,0,0,0
Half-Way Tree,St. Andrew,Kingston,18.0063193,-76.7789894,0,1,0,1
Duhaney Park,St. Andrew,Kingston,18.0296291,-76.8504744,0,2,0,2
Eastwood,St. Andrew,Kingston,18.0391345,-76.7567368,0,0,0,0
Woodford,St. Andrew,Kingston,17.9828591,-76.780429,0,0,0,0
Spring Village,St. Andrew,Kingston,18.0391345,-76.7567368,0,0,0,0
Eltham Vista,St. Andrew,Kingston,18.0197006,-76.9707869,0,0,0,0
Washington Gardens,St. Andrew,Kingston,18.0234226,-76.844708,0,0,0,0
New Kingston,St. Andrew,Kingston,18.0089836,-76.782702,1,0,0,1
Vineyard Town,St. Andrew,Kingston,17.9898081,-76.7783748,0,0,0,0
Pembroke Hall,St. Andrew,Kingston,18.0295934,-76.8288489,0,1,0,1
Irish Town,St. Andrew,Kingston,18.0504719,-76.7260416,0,0,0,0
Rollington Town,St. Andrew,Kingston,17.9775951,-76.7697201,0,0,0,0
Rockfort,St. Andrew,Kingston,18.0391345,-76.7567368,0,0,0,0
Armadale,St. Andrew,Kingston,18.0391345,-76.7567368,0,0,0,0
Lawrence Tavern,St. Andrew,Kingston,18.1271733,-76.8456717,0,3,0,3
Seaview Gardens,St. Andrew,Kingston,18.0028906,-76.8418246,0,1,0,1
Bedward Gardens,St. Andrew,Kingston,17.9970504,-76.7349989,0,0,0,0
Gordon Town,St. Andrew,Kingston,18.0354673,-76.7195828,0,0,0,0
Bull Bay,St. Andrew,Kingston,17.9429207,-76.6672602,1,1,0,2
August Town,St. Andrew,Kingston,17.9930231,-76.7408666,0,0,0,0
Waterhouse,St. Andrew,Kingston,18.0287171,-76.8437247,1,2,0,3
Mahogany,St. Andrew,Kingston,18.0391345,-76.7567368,0,0,0,0
Cross Roads,St. Andrew,Kingston,17.9928319,-76.7906347,0,0,0,0
Greenwich Town,St. Andrew,Kingston,17.9815507,-76.8165928,0,0,0,0
Olympic Gardens,St. Andrew,Kingston,18.0183711,-76.8346161,0,0,0,0
Dungle,St. Andrew,Kingston,18.0391345,-76.7567368,0,0,0,0
Delacree Park,St. Andrew,Kingston,17.9918663,-76.820008,1,1,0,2
Forest Glen,St. Andrew,Kingston,18.0391345,-76.7567368,0,0,0,0
Port Royal,St. Andrew,Kingston,17.9656291,-76.7926431,0,0,0,0
Goulden Gardens,St. Andrew,Kingston,18.0391345,-76.7567368,0,0,0,0
Charlton,St. Andrew,Kingston,18.0382841,-76.7940918,2,1,1,4
Queensborough,St. Andrew,Kingston,18.0404902,-76.8231373,0,0,0,0
Barracks,St. Andrew,Kingston,18.0391345,-76.7567368,0,0,0,0
Highgate,St. Andrew,Kingston,18.0982911,-76.87003,0,0,0,0
Cooreville Gardens,St. Andrew,Kingston,18.0236208,-76.8475912,0,0,1,1
Mavis Bank,St. Andrew,Kingston,18.0235025,-76.6626207,0,0,0,0
August Town,St. Andrew,Kingston,17.9930231,-76.7408666,0,0,0,0
Belgrade Heights,St. Andrew,Kingston,18.0617072,-76.8101038,0,1,0,1
Belmont,St. Andrew,Kingston,18.0019632,-76.7845351,1,1,0,2
Boswell Heights,St. Andrew,Kingston,18.0391345,-76.7567368,0,0,0,0
Burnt Shop,St. Andrew,Kingston,18.0391345,-76.7567368,0,0,0,0
Callaloo Bed,St. Andrew,Kingston,18.0391345,-76.7567368,0,0,0,0
Cane River,St. Andrew,Kingston,17.9652078,-76.6924483,0,0,0,0
Claypole,St. Andrew,Kingston,18.0391345,-76.7567368,0,0,0,0
Coakley,St. Andrew,Kingston,18.1624712,-76.828128,0,0,0,0
Content,St. Andrew,Kingston,18.0391345,-76.7567368,0,0,0,0
Cooper's Hill,St. Andrew,Kingston,18.0740024,-76.8620064,0,0,0,0
Cross Roads,St. Andrew,Kingston,17.9928319,-76.7906347,0,0,0,0
Cuba Ridge,St. Andrew,Kingston,18.0391345,-76.7567368,0,0,0,0
Downcastle,St. Andrew,Kingston,18.0391345,-76.7567368,0,0,0,0
Essex Hall,St. Andrew,Kingston,18.116613,-76.8635441,0,0,0,0
Fern Hill,St. Andrew,Kingston,18.142651,-76.853681,0,0,0,0
Florence Hill,St. Andrew,Kingston,18.1471918,-76.8427083,0,0,0,0
Forest Hills,St. Andrew,Kingston,18.0558079,-76.8254762,0,2,1,3
George Mason Drive,St. Andrew,Kingston,18.0391345,-76.7567368,0,0,0,0
Golden Spring,St. Andrew,Kingston,18.0901601,-76.8014512,0,1,0,1
Golden Valley,St. Andrew,Kingston,18.0391345,-76.7567368,0,0,0,0
Gordon Town,St. Andrew,Kingston,18.0354673,-76.7195828,0,0,0,0
Goulbourne,St. Andrew,Kingston,18.0391345,-76.7567368,0,0,0,0
Grant Hill,St. Andrew,Kingston,18.0391345,-76.7567368,0,0,0,0
Greenwich,St. Andrew,Kingston,18.0745061,-76.7254557,0,0,0,0
Half Way Tree,St. Andrew,Kingston,18.0063193,-76.7789894,0,0,0,0
Halls Gaen,St. Andrew,Kingston,18.0391345,-76.7567368,0,0,0,0
Havendale,St. Andrew,Kingston,18.0516394,-76.8115458,0,0,0,0
Hughenden,St. Andrew,Kingston,18.0314148,-76.8183952,16,21,5,42
Independence Park,St. Andrew,Kingston,18.0013755,-76.7725427,0,0,1,1
Irish Town,St. Andrew,Kingston,18.0504719,-76.7260416,0,0,0,0
Jacks Hill,St. Andrew,Kingston,18.0360302,-76.7538514,0,0,0,0
King Weston,St. Andrew,Kingston,18.0391345,-76.7567368,0,0,0,0
Kirkland Heights,St. Andrew,Kingston,18.0573649,-76.8279001,2,0,1,3
Long Mountain,St. Andrew,Kingston,17.9840161,-76.7497036,0,0,0,0
Mahoney,St. Andrew,Kingston,18.0391345,-76.7567368,0,0,0,0
Manor Park,St. Andrew,Kingston,18.0510859,-76.790687,2,3,1,6
Mountain Court,St. Andrew,Kingston,17.9961936,-76.768448,0,0,0,0
Mountain Terrace,St. Andrew,Kingston,17.996659,-76.7671956,0,0,0,0
Mt. Charles,St. Andrew,Kingston,18.1382386,-76.8638122,0,0,0,0
Mt Cheerful,St. Andrew,Kingston,18.0391345,-76.7567368,0,0,0,0
Mt. Ogle,St. Andrew,Kingston,18.121783,-76.84035,0,0,0,0
Mt Olive,St. Andrew,Kingston,18.0391345,-76.7567368,0,0,0,0
New Stead,St. Andrew,Kingston,18.0391345,-76.7567368,0,0,0,0
Pear Hill,St. Andrew,Kingston,18.0391345,-76.7567368,0,0,0,0
Peat Hill,St. Andrew,Kingston,18.0391345,-76.7567368,0,0,0,0
Pigeon Valley,St. Andrew,Kingston,18.1383883,-76.8611076,0,0,0,0
Red Gal Ring,St. Andrew,Kingston,18.07036,-76.788685,0,2,0,2
Rose Hall,St. Andrew,Kingston,18.1268152,-76.8485905,0,0,0,0
Roosevelt/Little Retreat,St. Andrew,Kingston,18.0391345,-76.7567368,0,0,0,0
Stanley Park,St. Andrew,Kingston,18.0391345,-76.7567368,0,0,0,0
Stony Hill,St. Andrew,Kingston,18.0736829,-76.7942403,0,0,0,0
Swallowfield,St. Andrew,Kingston,18.0133849,-76.7708462,1,0,1,2
Temple Hall,St. Andrew,Kingston,18.1449865,-76.819367,0,0,0,0
Temple Hall Main Road,St. Andrew,Kingston,18.116503,-76.8239643,0,1,0,1
Temple Heights,St. Andrew,Kingston,18.104874,-76.8191235,0,0,0,0
Smokey Vale,St. Andrew,Kingston,18.0679158,-76.8158718,0,0,0,0
Toms River,St. Andrew,Kingston,18.0391345,-76.7567368,0,0,0,0
Unity,St. Andrew,Kingston,18.0391345,-76.7567368,0,0,0,0
Trench Town,Kingston,Kingston,17.9857896,-76.8043355,0,0,0,0
West Kingston,Kingston,Kingston,17.9746509,-76.8007301,0,0,0,0
West Central,Kingston,Kingston,18.0178743,-76.8099041,0,0,0,0
Harbour View,Kingston,Kingston,18.0684518,-76.7885916,0,0,0,0
Norman Crescent,Kingston,Kingston,17.9800181,-76.7589132,0,0,0,0
Patterson Land,Kingston,Kingston,18.0178743,-76.8099041,0,0,0,0
Rae Town,Kingston,Kingston,17.9658984,-76.7778078,0,0,0,0
Paddington Gardens,Kingston,Kingston,18.0178743,-76.8099041,0,0,0,0
Summerfield,Kingston,Kingston,18.0178743,-76.8099041,0,0,0,0
Southside,Kingston,Kingston,17.9703354,-76.7865853,0,0,0,0
Central Kingston,Kingston,Kingston,17.9672958,-76.78748,0,0,0,0
East Kingston,Kingston,Kingston,18.0178743,-76.8099041,0,0,0,0
Allman Town,Kingston,Kingston,17.984597,-76.787029,0,0,0,0
Jones Town,Kingston,Kingston,17.9860686,-76.7978458,0,0,0,0
Parade Gardens,Kingston,Kingston,17.9697671,-76.7877636,0,0,0,0
Downtown Kingston,Kingston,Kingston,17.971449,-76.7964036,0,0,0,0
Tivoli Gardens,Kingston,Kingston,17.9746509,-76.8007301,0,0,0,0
Fletcher's Land,Kingston,Kingston,17.9794542,-76.7913834,0,0,0,0
Mountain View,Kingston,Kingston,17.9914636,-76.7661168,0,0,0,0
Vineyard Town,Kingston,Kingston,17.9898081,-76.7783748,0,0,0,0
Hannah Town,Kingston,Kingston,17.978596,-76.7959181,0,0,0,0
Port Royal,Kingston,Kingston,17.9656291,-76.7926431,1,0,0,1
Bournemouth Gardens,Kingston,,17.9711901,-76.7610647,0,0,0,0
Denham Town,Kingston,,17.9775873,-76.8026801,0,0,0,0
Franklyn Town,Kingston,,17.9779933,-76.77549,0,0,0,0
Passmore Town,Kingston,,17.9696796,-76.7812596,0,0,0,0
Union Square,Kingston,,17.9949825,-76.7881371,1,0,0,1
McIntyre Villa,Kingston,,17.9734459,-76.7746793,0,0,0,0
Arnett Gardens,Kingston,,17.9890628,-76.7997769,0,0,0,0
Angels Estate,St. Catherine,Spanish Town,18.0378238,-76.9808677,0,0,0,0
Irish Pen,St. Catherine,Spanish Town,18.0096989,-76.9742825,0,0,0,0
Hampton Green,St. Catherine,Spanish Town,18.0028446,-76.9686267,1,1,0,2
Tavers Pen,St. Catherine,Spanish Town,18.0364134,-77.0564464,4,19,5,28
Newton Park,St. Catherine,Spanish Town,18.0364134,-77.0564464,0,0,0,0
Beggars Bush,St. Catherine,Spanish Town,18.0364134,-77.0564464,0,0,0,0
Jones Pen,St. Catherine,Spanish Town,17.995231,-76.9421,0,0,0,0
Dela Vega City,St. Catherine,Spanish Town,17.9898239,-76.9482422,0,2,0,2
St. John's Heights,St. Catherine,Spanish Town,18.0044324,-77.0348573,0,2,0,2
Green Acres,St. Catherine,Spanish Town,18.0069386,-77.0075055,0,0,0,0
Bellevue,St. Catherine,Spanish Town,17.9987614,-77.0216594,3,1,0,4
Dovecot District,St. Catherine,Spanish Town,18.0075712,-77.0157886,0,0,0,0
Sydenham,St. Catherine,Spanish Town,17.9884211,-76.9808677,0,8,0,8
Eltham Vie,St. Catherine,Spanish Town,18.0195864,-76.9682982,0,8,1,9
Gordon Town,St. Catherine,Spanish Town,18.0354673,-76.7195828,0,0,0,0
Braeton,St. Catherine,Spanish Town,17.9495083,-76.8893907,0,2,0,2
Homestead,St. Catherine,Spanish Town,17.9937435,-76.9736672,0,0,0,0
Hellshire Villa,St. Catherine,Spanish Town,17.8993623,-76.8962263,0,0,0,0
Osbourne Store,St. Catherine,Spanish Town,17.9556057,-77.3266991,0,0,0,0
Winter Pen,St. Catherine,Spanish Town,18.0220774,-76.979965,0,1,0,1
Lauriston,St. Catherine,Spanish Town,18.0364134,-77.0564464,0,0,0,0
Tryall Heights,St. Catherine,Spanish Town,18.0124411,-76.9420704,0,1,0,1
Spanish Town Central,St. Catherine,Spanish Town,18.0166835,-76.9748123,1,6,0,7
Bernard Lodge,St. Catherine,Spanish Town,17.9740417,-76.9264224,0,0,0,0
Crusedo,St. Catherine,Spanish Town,18.0364134,-77.0564464,0,0,0,0
Weston Gardens,St. Catherine,Spanish Town,18.0364134,-77.0564464,0,0,0,0
Grange Hill,St. Catherine,Spanish Town,18.0364134,-77.0564464,0,0,0,0
Preston Park,St. Catherine,Spanish Town,18.0364134,-77.0564464,0,0,0,0
Keystone,St. Catherine,Spanish Town,18.0185131,-76.9427006,0,4,0,4
TUCKERS PARK,St. Catherine,Spanish Town,18.0364134,-77.0564464,0,0,0,0
Central Village,St. Catherine,Spanish Town,18.000664,-76.9153281,0,1,0,1
Avion Park,St. Catherine,Spanish Town,18.0364134,-77.0564464,0,0,0,0
Stratmore Gardens,St. Catherine,Spanish Town,18.0364134,-77.0564464,0,0,0,0
Cedar Grove,St. Catherine,Spanish Town,17.9886047,-76.8847459,0,1,0,1
Golden Grove,St. Catherine,Spanish Town,18.235007,-76.9628658,0,0,0,0
Hopefield,St. Catherine,Spanish Town,18.0364134,-77.0564464,0,0,0,0
Hillside,St. Catherine,Spanish Town,18.0364134,-77.0564464,0,0,0,0
Monymusk,St. Catherine,Spanish Town,18.0364134,-77.0564464,0,0,0,0
Woodford Park,St. Catherine,Spanish Town,18.0364134,-77.0564464,0,0,0,0
Caymanas Estate,St. Catherine,Portmore,18.0214821,-76.911726,0,1,0,1
Christian Pen,St. Catherine,Portmore,17.9979533,-76.8893467,0,0,0,0
Gregory Park,St. Catherine,Portmore,17.9986932,-76.8865085,0,0,2,2
Christian Gardens,St. Catherine,Portmore,17.9968596,-76.8915524,0,0,0,0
Cedar Grove,St. Catherine,Portmore,17.9886047,-76.8847459,0,1,0,1
Cedar Manor,St. Catherine,Portmore,17.9858606,-76.884707,0,0,0,0
Meadowvale,St. Catherine,Portmore,17.98974,-76.8815132,0,3,0,3
Waterford,St. Catherine,Portmore,17.9874402,-76.8706548,0,7,1,8
Independence City,St. Catherine,Portmore,17.9772029,-76.8742949,0,2,0,2
Passage Fort,St. Catherine,Portmore,17.9812357,-76.8648893,0,4,0,4
Westchester,St. Catherine,Portmore,17.9753417,-76.874258,0,0,0,0
Portmore Gardens,St. Catherine,Portmore,17.9783785,-76.8716383,0,0,0,0
Cumberland,St. Catherine,Portmore,17.9766103,-76.8821849,0,0,0,0
Silverstone,St. Catherine,Portmore,17.9639452,-76.8987576,0,1,0,1
Pines,St. Catherine,Portmore,18.0364134,-77.0564464,0,0,0,0
Port Henderson,St. Catherine,Portmore,17.9496803,-76.8706548,0,1,0,1
Port Augusta,St. Catherine,Portmore,18.0364134,-77.0564464,0,0,0,0
Edgewater,St. Catherine,Portmore,17.9642027,-76.8706548,0,0,1,1
Naggo Head,St. Catherine,Portmore,17.9680932,-76.8850673,0,0,0,0
Southborough,St. Catherine,Portmore,17.9630592,-76.8857879,0,2,0,2
Bridgeport,St. Catherine,Portmore,17.9618897,-76.8793025,0,0,1,1
West Bay,St. Catherine,Portmore,17.9529283,-76.87936,1,1,0,2
Braeton,St. Catherine,Portmore,17.9495083,-76.8893907,0,2,0,2
Old Braeton,St. Catherine,Portmore,17.9549358,-76.8944345,0,0,1,1
Greater Portmore,St. Catherine,Portmore,17.94798,-76.9095647,0,14,1,15
Dawkins,St. Catherine,Portmore,18.0364134,-77.0564464,0,0,0,0
Monza,St. Catherine,Portmore,17.9560562,-76.9119573,0,6,0,6
Ascot,St. Catherine,Portmore,17.9531125,-76.9102852,0,2,0,2
Dicksons,St. Catherine,Portmore,18.0364134,-77.0564464,0,0,0,0
Osborne,St. Catherine,Portmore,18.0364134,-77.0564464,0,0,0,0
Chetolah,St. Catherine,Portmore,18.0364134,-77.0564464,0,0,0,0
Braeton,St. Catherine,Portmore,17.9495083,-76.8893907,0,2,0,2
Sab√≠na,St. Catherine,Portmore,18.0364134,-77.0564464,0,0,0,0
Caribbean Estate,St. Catherine,Portmore,17.9604729,-76.911726,0,2,0,2
Old Harbour,St. Catherine,,17.9389536,-77.1130277,0,7,0,7
Linstead,St. Catherine,,18.1402987,-77.0449327,0,5,0,5
Bog Walk,St. Catherine,,18.1057667,-77.0075055,0,0,0,0
Ewarton,St. Catherine,,18.1767543,-77.0866767,0,0,0,0
Old Harbour Bay,St. Catherine,,17.9389536,-77.1130277,0,0,0,0
Point Hill,St. Catherine,,18.0869945,-77.1059939,0,0,0,0
Riversdale,St. Catherine,,18.1665764,-76.9614255,0,0,0,0
Lluidas Vale,St. Catherine,,18.1254083,-77.1470783,0,0,0,0
Troja,St. Catherine,,18.2089665,-76.922532,0,0,0,0
Central Village,St. Catherine,,18.000664,-76.9153281,0,1,0,1
Sligoville,St. Catherine,,18.0961122,-76.9436998,0,0,0,0
Kitson Town,St. Catherine,,18.0160446,-77.0233288,0,1,0,1
Marlie Mount,St. Catherine,,17.9446972,-77.0970628,0,0,0,0
Martin Hall,St. Catherine,,18.0364134,-77.0564464,0,0,0,0
Mary Village,St. Catherine,,18.0364134,-77.0564464,0,0,0,0
Maryfield,St. Catherine,,18.0364134,-77.0564464,0,0,0,0
Masters,St. Catherine,,18.0364134,-77.0564464,0,0,0,0
McCooks Pen,St. Catherine,,17.9641315,-77.0298192,0,0,0,0
Mendes,St. Catherine,,18.0364134,-77.0564464,0,0,0,0
Above Rocks,St. Catherine,,18.109865,-76.87642,0,0,0,0
Glengoffe,St. Catherine,,18.1418524,-76.887229,0,0,0,0
Whitehouse,St. James,Montego Bay,18.5087662,-77.9063896,0,0,0,0
Flankers,St. James,Montego Bay,18.5042233,-77.8981754,0,0,0,0
Ironshore,St. James,Montego Bay,18.507403,-77.8966356,1,0,0,1
Norwood,St. James,Montego Bay,18.4919567,-77.9039294,0,0,0,0
Mango Walk,St. James,Montego Bay,18.4886851,-77.9174598,1,0,0,1
Red Hills/Paradise,St. James,Montego Bay,18.3923184,-77.8595963,1,8,1,10
Albion,St. James,Montego Bay,18.4821645,-77.918174,0,0,0,0
Glendevon,St. James,Montego Bay,18.480285,-77.9003183,0,0,0,0
Montego Hills,St. James,Montego Bay,18.4897618,-77.8888891,0,0,0,0
Green Pond,St. James,Montego Bay,18.4769939,-77.8879112,0,1,0,1
Brandon Hill,St. James,Montego Bay,18.4757982,-77.911182,0,0,0,0
Rosemount,St. James,Montego Bay,18.4743752,-77.8988419,0,0,1,1
Farm Pen Heights,St. James,Montego Bay,18.3923184,-77.8595963,0,0,0,0
Montego Bay Central,St. James,Montego Bay,18.4713814,-77.9228676,2,2,0,4
Mount Salem,St. James,Montego Bay,18.4668374,-77.9067467,0,0,0,0
Catherine Mount,St. James,Montego Bay,18.4643269,-77.9017468,0,2,0,2
Irwin,St. James,Montego Bay,18.4619081,-77.9177915,0,0,1,1
Inverdale/Porto Bello,St. James,Montego Bay,18.4654694,-77.8835982,0,1,0,1
Tucker/Irwin,St. James,Montego Bay,18.4546505,-77.9037252,0,0,0,0
Freeport,St. James,Montego Bay,18.4584888,-77.931734,0,0,1,1
Fairfield,St. James,Montego Bay,18.4531229,-77.9104088,0,0,0,0
Granville/Pitfour,St. James,Montego Bay,18.4422177,-77.8960557,0,1,0,1
Bogue Heights,St. James,Montego Bay,18.4397662,-77.9194206,0,1,0,1
Reading,St. James,Montego Bay,18.4400403,-77.9438811,0,0,0,0
Coral Gardens/Torado Heights,St. James,Montego Bay,18.5052992,-77.8603837,0,0,0,0
Half Moon,St. James,Montego Bay,18.5238473,-77.8467255,0,0,0,0
Salt Spring,St. James,Montego Bay,18.4885699,-77.8736876,0,0,0,0
Sign,St. James,Montego Bay,18.3923184,-77.8595963,0,0,0,0
Cornwall Court,St. James,Montego Bay,18.4766679,-77.8781731,0,0,2,2
Buckshaven,Clarendon,May Pen,17.9557183,-77.2405153,0,7,3,10
Bushy Park,Clarendon,May Pen,17.9812943,-77.2534469,0,1,0,1
City Centre (Manchester Avenue),Clarendon,May Pen,17.9714207,-77.2479073,0,0,0,0
City Centre (Main Street),Clarendon,May Pen,17.9656444,-77.2394831,0,4,3,7
Curatoe Hill,Clarendon,May Pen,17.9394159,-77.2577571,0,0,0,0
Denbigh,Clarendon,May Pen,17.9661581,-77.2663771,0,1,0,1
Effortville,Clarendon,May Pen,17.9836493,-77.2232709,0,0,0,0
Farm Pen,Clarendon,May Pen,17.9557183,-77.2405153,0,0,0,0
Four Path,Clarendon,May Pen,17.9649625,-77.2922332,0,3,0,3
Glenmuir,Clarendon,May Pen,17.964479,-77.2507005,0,1,1,2
Minerals Heights,Clarendon,May Pen,17.948381,-77.238543,0,1,0,1
Oliver Gardens,Clarendon,May Pen,17.97637,-77.2340489,0,1,0,1
Palmerscross,Clarendon,May Pen,17.9514942,-77.2113939,0,0,0,0
Paisley,Clarendon,May Pen,17.9631039,-77.2203966,0,0,0,0
Race Track,Clarendon,May Pen,17.9808455,-77.2697324,0,0,0,0
Seven's Road,Clarendon,May Pen,17.9557183,-77.2405153,0,0,0,0
Trentonmazard,Clarendon,May Pen,17.9557183,-77.2405153,0,0,0,0
Weston Park,Clarendon,May Pen,17.9557183,-77.2405153,0,0,0,0
Hazard,Clarendon,May Pen,17.9522379,-77.2318934,0,2,0,2
Town Centre,Trelawny,Falmouth,18.3526143,-77.6077865,0,7,1,8
Holland,Trelawny,Falmouth,18.3526143,-77.6077865,0,0,0,0
Hague,Trelawny,Falmouth,18.4730419,-77.6435896,0,2,0,2
Martha Brae,Trelawny,Falmouth,18.4704799,-77.6600552,0,0,0,0
New Green,Manchester,Mandeville,18.0658619,-77.5173801,0,0,0,0
Clarks Town,Manchester,Mandeville,18.0412781,-77.4182847,0,0,0,0
Battersea Ingleside,Manchester,Mandeville,18.0578038,-77.4971616,0,2,0,2
Banbury,Manchester,Mandeville,18.0669654,-77.5160788,1,2,3,6
Urban Royal Flat,Manchester,Mandeville,18.056782,-77.4716313,0,0,0,0
Heartease,Manchester,Mandeville,18.048613,-77.4802353,0,0,0,0
Marshall Pen,Manchester,Mandeville,18.0596866,-77.5314926,0,0,0,0
Brumalia,Manchester,Mandeville,18.0387176,-77.5109495,0,0,1,1
Caledonia Meadows,Manchester,Mandeville,18.0527673,-77.4881219,0,0,0,0
Clifton/Mt Nelson,Manchester,Mandeville,18.0354677,-77.4914626,0,0,0,0
Green Vale,Manchester,Mandeville,18.0376212,-77.5206416,0,0,0,0
Balvenie,Manchester,Mandeville,18.0319739,-77.5257418,0,0,0,0
Dunrobin,Manchester,Mandeville,18.0669654,-77.5160788,0,0,0,0
Mandeville Central,Manchester,Mandeville,18.0383278,-77.5074568,6,10,4,20
Newleigh,Manchester,Mandeville,18.0335065,-77.5004982,0,0,0,0
Georges Valley,Manchester,Mandeville,18.0253851,-77.4808155,0,0,0,0
Woodland/Barnstaple,Manchester,Mandeville,18.0669654,-77.5160788,0,0,0,0
Waltham,Manchester,Mandeville,18.0258872,-77.5037132,0,1,0,1
Albion,Manchester,Mandeville,18.0669654,-77.5160788,0,0,0,0
Newlands/May Day,Manchester,Mandeville,18.0669654,-77.5160788,0,0,0,0
Hatfield/Dunsinane,Manchester,Mandeville,18.0378993,-77.5445872,0,0,0,0
Hopeton,Manchester,Mandeville,18.0232942,-77.532318,0,0,0,0
Christiana,Manchester,,18.1730042,-77.4902726,0,0,0,0
Porus,Manchester,,18.0345922,-77.4106671,0,0,0,0
Williamsfield,Manchester,,18.0651384,-77.4658948,0,1,0,1
Alligator Pond,Manchester,,17.874371,-77.562241,0,0,0,0
Battersea,Manchester,,18.0565491,-77.5027245,0,1,0,1
Bloomfield,Manchester,Mandeville,18.031138,-77.5216126,0,0,0,0
Clover,Manchester,Mandeville,18.0669654,-77.5160788,0,0,0,0
Coleyville,Manchester,Mandeville,18.2099192,-77.5101064,0,0,0,0
Cross Keys,Manchester,,17.8986239,-77.5027889,0,0,0,0
French Park,Manchester,Mandeville,18.0669654,-77.5160788,0,0,0,0
Greenvale,Manchester,Mandeville,18.0376212,-77.5206416,0,0,0,0
Grove Town,Manchester,Mandeville,17.9004105,-77.467483,0,0,0,0
Hopewell,Manchester,,17.9339068,-77.4350195,0,0,0,0
Ingleside,Manchester,Mandeville,18.0590176,-77.4941722,0,1,0,1
Kingsland,Manchester,,18.0095137,-77.5444812,0,0,0,0
Lancaster,Manchester,,18.0669654,-77.5160788,0,0,0,0
Lincoln,Manchester,Mandeville,18.0669654,-77.5160788,0,0,0,0
Marshalls Pen,Manchester,Mandeville,18.0505515,-77.5316773,0,0,0,0
Mile Gully,Manchester,,18.1239702,-77.5418791,0,1,0,1
Mike Town,Manchester,,18.0521689,-77.5347129,0,0,0,0
Nashville,Manchester,Mandeville,18.0669654,-77.5160788,0,0,0,0
Newport,Manchester,,17.92865,-77.516319,0,0,0,0
Roxborough,Manchester,,18.0669654,-77.5160788,0,0,0,0
Spur Tree,Manchester,Mandeville,17.9956245,-77.560509,0,2,1,3
Swabys Hope,Manchester,Mandeville,17.9956245,-77.560509,0,0,0,0
Victoria Town,Manchester,,17.9194949,-77.3838044,0,0,0,0
Waltham,Manchester,Mandeville,18.0258872,-77.5037132,0,1,0,1
Succeed,Manchester,Christiana,18.0669654,-77.5160788,0,0,0,0
Lower Christiana,Manchester,Christiana,18.1730042,-77.4902726,0,0,0,0
Never Mind,Manchester,Christiana,18.0669654,-77.5160788,0,0,0,0
Struan,Manchester,Christiana,18.1825691,-77.4997296,0,0,0,0
Cuba,Manchester,Christiana,18.0669654,-77.5160788,0,0,0,0
Brontie,Manchester,Christiana,18.0669654,-77.5160788,0,0,0,0
Savoy,Manchester,Christiana,18.1671025,-77.4937445,0,0,0,0
Job Lane,Manchester,Christiana,18.1681717,-77.49749,0,0,0,0
Brockery,Manchester,Christiana,18.1684983,-77.4882384,0,0,0,0
Wildman St./Mollison,Manchester,Christiana,18.1736461,-77.4939681,0,0,0,0
Chudleigh,Manchester,Christiana,18.1489119,-77.5003091,0,1,0,1
Allsides,Manchester,Christiana,18.0669654,-77.5160788,0,0,0,0
Fine Grass,Manchester,Christiana,18.0669654,-77.5160788,0,0,0,0
Mackie,Manchester,Christiana,18.0669654,-77.5160788,0,0,0,0
Chudleigh Path,Manchester,Christiana,18.1489119,-77.5003091,0,0,0,0
Chudleigh Housing,Manchester,Christiana,18.1489119,-77.5003091,0,0,0,0
Cobbla,Manchester,,18.1480128,-77.4724927,0,0,0,0
Mizpah/Cheapside,Manchester,,18.1167402,-77.4759334,0,0,0,0
Dunkley's Avenue,Manchester,,18.0669654,-77.5160788,0,0,0,0
Mount Olivet,Manchester,,18.0669654,-77.5160788,0,0,0,0
Allison (bottom),Manchester,,18.0669654,-77.5160788,0,0,0,0
West Road,Manchester,,18.0402684,-77.5245464,0,0,0,0
Village,Manchester,,18.0669654,-77.5160788,0,0,0,0
Ticky Ticky,Manchester,,18.0669654,-77.5160788,0,0,0,0
Dump,Manchester,,18.0669654,-77.5160788,0,0,0,0
Camp Gate,Manchester,,18.0669654,-77.5160788,0,0,0,0
Sawmill,Manchester,,18.0669654,-77.5160788,0,0,0,0
Dobson,Manchester,,18.0669654,-77.5160788,0,0,0,0
Bryce,Manchester,,18.0669654,-77.5160788,0,0,0,0
Craig Head,Manchester,,18.0669654,-77.5160788,0,0,0,0
Golden Run,Manchester,,18.0669654,-77.5160788,0,0,0,0
Bigwoods,Manchester,,18.0669654,-77.5160788,0,0,0,0
Carter,Manchester,,18.0669654,-77.5160788,0,0,0,0
Norway,Manchester,,18.0669654,-77.5160788,0,0,0,0
Mother Fleur,Manchester,,18.0669654,-77.5160788,0,0,0,0
Devon,Manchester,,18.166519,-77.532433,0,0,0,0
Dunbar,Manchester,,18.0669654,-77.5160788,0,0,0,0
Long Coffee,Manchester,,18.177182,-77.528143,0,0,0,0
Halifax,Manchester,,18.0669654,-77.5160788,0,0,0,0
Congo Town,Manchester,,18.0669654,-77.5160788,0,0,0,0
New Road,Manchester,,18.0669654,-77.5160788,0,0,0,0
Mason Run,Manchester,,18.0669654,-77.5160788,0,0,0,0
Muir Head,Manchester,,18.0669654,-77.5160788,0,0,0,0
Pike,Manchester,,18.0669654,-77.5160788,0,0,0,0
New Road,Manchester,,18.0669654,-77.5160788,0,0,0,0
Mason Run,Manchester,,18.0669654,-77.5160788,0,0,0,0
Robins Hall,Manchester,,18.1962785,-77.5507344,0,0,0,0
Malton,Manchester,,18.0669654,-77.5160788,0,0,0,0
Silent Hill (Top and Bottom),Manchester,,18.0669654,-77.5160788,0,0,0,0
Spaulding,Manchester,,18.0669654,-77.5160788,0,0,0,0
Spaulding Hill,Manchester,,18.0669654,-77.5160788,0,0,0,0
Clondon,Manchester,,18.0669654,-77.5160788,0,0,0,0
Spring Ground,Manchester,,18.156862,-77.4789681,0,0,0,0
Richmond,Manchester,,18.1602249,-77.4730653,0,0,0,0
Kyle,Manchester,,18.0669654,-77.5160788,0,0,0,0
Bamboo,Manchester,,18.0669654,-77.5160788,0,0,0,0
Lower Spring Ground,Manchester,,18.156862,-77.4789681,0,0,0,0
Clandon,Manchester,,18.1565174,-77.4831032,0,0,0,0
George North,Manchester,,18.0669654,-77.5160788,0,0,0,0
Top Hill,Manchester,,17.9459299,-77.569702,0,1,0,1
Contrivance,Manchester,,18.1309648,-77.5029579,0,0,0,0
Wright Town,Manchester,,18.0669654,-77.5160788,0,0,0,0
Thompson Piece,Manchester,,18.0669654,-77.5160788,0,0,0,0
Junction,Manchester,,18.0669654,-77.5160788,0,0,0,0
Albion Gully,Manchester,,18.0669654,-77.5160788,0,0,0,0
Albion,Manchester,,18.0669654,-77.5160788,0,0,0,0
Big Pond,Manchester,,18.0669654,-77.5160788,0,0,0,0
Hillside/Knockpatrick,Manchester,Mandeville,18.0002554,-77.4994656,1,2,0,3
Crane Road,St. Elizabeth,Black River,18.0319051,-77.8116818,0,0,0,0
High Street,St. Elizabeth,Black River,18.0264204,-77.8580566,0,0,0,0
Logwood Avenue,St. Elizabeth,Black River,18.0330299,-77.8467352,0,0,0,0
North Street,St. Elizabeth,Black River,18.0788461,-77.6994197,0,6,0,6
Central Road,St. Elizabeth,Black River,18.0343487,-77.8515683,0,1,0,1
School Street,St. Elizabeth,Black River,18.0788461,-77.6994197,0,0,0,0
Market Street,St. Elizabeth,Black River,18.0788461,-77.6994197,0,0,0,0
Riverside Drive,St. Elizabeth,Black River,18.0788461,-77.6994197,0,0,0,0
Hodges Land,St. Elizabeth,Black River,18.045684,-77.8760298,0,0,0,0
Rock Cliffe,St. Elizabeth,Black River,18.0788461,-77.6994197,0,0,0,0
Lovely Point,St. Elizabeth,Black River,18.028985,-77.674584,0,0,0,0
Burnt Ground,St. Elizabeth,Black River,18.0331789,-77.7595131,0,0,0,0
Grand Valley,St. Elizabeth,Black River,18.0788461,-77.6994197,0,0,0,0
Fort Charles,St. Elizabeth,Black River,17.9219829,-77.7983506,0,0,0,0
Crane Corner,St. Elizabeth,Black River,17.9989941,-77.8288661,0,0,0,0
Sandy Ground,St. Elizabeth,Black River,18.0467162,-77.9038897,0,0,0,0
Seven Corners,St. Elizabeth,Black River,18.0252088,-77.6998194,0,0,0,0
Park Mountain,St. Elizabeth,,18.0599793,-77.7264082,0,2,1,3
Williamsfield,St. Elizabeth,,17.9417105,-77.7638042,0,0,0,0
Parottee Beach,St. Elizabeth,,17.9628937,-77.8453043,0,0,0,0
Santa Cruz,St. Elizabeth,,18.0500867,-77.7051443,3,3,0,6
Balaclava,St. Elizabeth,,18.1718343,-77.6507489,0,0,0,0
Braes River,St. Elizabeth,,18.0846072,-77.6504902,0,0,0,0
Siloah,St. Elizabeth,,18.0549722,-77.7032659,0,1,0,1
Ipswich,St. Elizabeth,,18.1959208,-77.8210036,0,0,0,0
Lacovia,St. Elizabeth,,18.071871,-77.749443,0,0,0,0
New Market,St. Elizabeth,,18.1495053,-77.9046039,0,0,0,0
Brompton,St. Elizabeth,,18.0667157,-77.8860316,0,0,0,0
Mountainside,St. Elizabeth,,17.9738332,-77.7423469,0,0,0,0
Malvern,St. Elizabeth,,17.9678128,-77.6936948,0,0,0,0
Pedro Plains,St. Elizabeth,,17.9329747,-77.7831663,0,0,0,0
Southfield,St. Elizabeth,,17.878111,-77.671417,0,0,0,0
Junction,St. Elizabeth,,17.9210664,-77.6051669,0,0,0,0
Myersville,St. Elizabeth,,17.972833,-77.635043,0,0,0,0
Aberdeen,St. Elizabeth,,18.198852,-77.7080064,0,0,0,0
Accompong,St. Elizabeth,,18.2278534,-77.7509303,0,0,0,0
Ballards Valley,St. Elizabeth,,17.8972222,-77.6130556,0,0,0,0
Barbary Hall,St. Elizabeth,,17.9581817,-77.7709558,0,0,0,0
Bigwoods,St. Elizabeth,,17.9370657,-77.7137306,0,0,0,0
Brinkley,St. Elizabeth,,18.0788461,-77.6994197,0,0,0,0
Bogue,St. Elizabeth,,18.0788461,-77.6994197,0,0,0,0
Bull Savanna,St. Elizabeth,,17.9092884,-77.6341403,0,0,0,0
Burnt Savannah,St. Elizabeth,,18.0091465,-77.7480692,0,0,0,0
Carlisle,St. Elizabeth,,18.0788461,-77.6994197,0,0,0,0
Carisbrook,St. Elizabeth,,18.144268,-77.7749536,0,0,0,0
Cotterwood,St. Elizabeth,,18.0821606,-77.901718,0,0,0,0
Crawford,St. Elizabeth,,18.0429757,-77.9138889,0,0,0,0
Elderslie,St. Elizabeth,,18.0788461,-77.6994197,0,0,0,0
Exton,St. Elizabeth,,18.0788461,-77.6994197,0,0,0,0
Fairfield,St. Elizabeth,,18.0788461,-77.6994197,0,0,0,0
Fullerswood,St. Elizabeth,,17.996268,-77.8088512,0,0,0,0
Goshen,St. Elizabeth,,18.0527503,-77.6399372,0,2,0,2
Giddy Hall,St. Elizabeth,,18.1114085,-77.8608464,0,1,0,1
Hodges,St. Elizabeth,,18.045684,-77.8760298,0,0,0,0
Holland,St. Elizabeth,,18.1079073,-77.805323,0,0,0,0
Hopewell,St. Elizabeth,,17.9457596,-77.7702406,0,0,0,0
Leeds,St. Elizabeth,,18.0788461,-77.6994197,0,0,0,0
Lititz,St. Elizabeth,,17.9401082,-77.5855029,0,2,0,2
Maggotty,St. Elizabeth,,18.1559131,-77.7652346,0,0,0,0
Merrywood,St. Elizabeth,,18.0788461,-77.6994197,0,0,0,0
Morningside,St. Elizabeth,,18.0788461,-77.6994197,0,0,0,0
Middle Quarters,St. Elizabeth,,18.1020181,-77.8338693,0,0,0,0
Mulgrave,St. Elizabeth,,18.2073897,-77.8150705,0,0,0,0
Nain,St. Elizabeth,,17.9650206,-77.6049218,0,0,0,0
Newell,St. Elizabeth,,18.0788461,-77.6994197,0,0,0,0
Newton,St. Elizabeth,,18.0788461,-77.6994197,0,0,0,0
Parrottee,St. Elizabeth,,17.9628937,-77.8453043,0,0,0,0
Pepper,St. Elizabeth,,18.034335,-77.6174961,0,0,0,0
Pondside,St. Elizabeth,,17.9734934,-77.8020131,0,0,0,0
Prospect,St. Elizabeth,,18.0788461,-77.6994197,0,0,0,0
Arlington,St. Elizabeth,,18.0049179,-77.7845424,0,0,0,0
Middlesex,St. Elizabeth,,18.0788461,-77.6994197,0,0,0,0
Frenchman,St. Elizabeth,,18.0652304,-77.8052767,0,0,0,0
Cambridge,St. Elizabeth,,18.0788461,-77.6994197,0,0,0,0
Selington,St. Elizabeth,,18.0049179,-77.7845424,0,0,0,0
Retirement,St. Elizabeth,,18.0788461,-77.6994197,0,0,0,0
Rocky Hill,St. Elizabeth,,18.0735678,-77.7370916,0,0,0,0
Round Hill,St. Elizabeth,,17.8998532,-77.7008509,0,0,0,0
Brucefield,St. Elizabeth,,17.9798709,-77.7702266,0,0,0,0
White Hill,St. Elizabeth,,18.1516418,-77.8052774,0,0,0,0
Four Paths,St. Elizabeth,,18.2034441,-77.8588817,0,0,0,0
White Hall,St. Elizabeth,,18.093349,-77.8480529,0,1,0,1
Lewis Town,St. Elizabeth,,17.8891141,-77.7639538,0,0,0,0
Scholefield,St. Elizabeth,,18.0788461,-77.6994197,0,0,0,0
Dry Harbour,St. Elizabeth,,18.071871,-77.749443,0,0,0,0
Salt Spring,St. Elizabeth,,18.0073278,-77.8109958,0,0,0,0
New Holland,St. Elizabeth,,18.0788461,-77.6994197,0,0,0,0
Spice Grove,St. Elizabeth,,17.9694384,-77.8209743,0,0,0,0
Spring Vale,St. Elizabeth,,18.0788461,-77.6994197,0,0,0,0
Salt Spring Junction,St. Elizabeth,,17.9923038,-77.8267218,0,0,0,0
Lucea,Hanover,,18.4504186,-78.1763937,0,1,0,1
Sandy Bay,Hanover,,18.4484094,-78.0751774,0,0,0,0
Green Island,Hanover,,18.3897236,-78.2682596,0,0,0,0
Hopewell,Hanover,,18.4461517,-78.0166847,0,0,0,0
Cascade,Hanover,,18.397666,-78.1036988,0,0,0,0
Dias,Hanover,,18.3982445,-78.1942034,0,0,0,0
Mount Peto,Hanover,,18.3440242,-78.0170686,0,0,0,0
Blenheim,Hanover,,18.4097707,-78.133638,0,0,0,0
Tryall Estate,Hanover,,18.4524608,-78.0568717,0,0,0,0
Johnsons Town,Hanover,,18.4372467,-78.1642813,0,0,0,0
Johnston Town,Hanover,,18.4097707,-78.133638,0,0,0,0
Jones Moreland,Hanover,,18.4097707,-78.133638,0,0,0,0
Kempshot,Hanover,,18.4097707,-78.133638,0,0,0,0
Animal Hills,Hanover,,18.4097707,-78.133638,0,0,0,0
Brownsville,Hanover,,18.4097707,-78.133638,0,0,0,0
Bloody Bay,Hanover,,18.347569,-78.3362169,0,0,0,0
Chobby Hole,Hanover,,18.4097707,-78.133638,0,0,0,0
Dolphin Head,Hanover,,18.3690649,-78.1740782,0,0,0,0
Fat Hog Quarter,Hanover,,18.4097707,-78.133638,0,0,0,0
Haughton Hall & Haughton Court,Hanover,,18.4490785,-78.1899293,0,0,0,0
Lethe,Hanover,,18.3921894,-77.965656,0,0,0,0
Savanna-la-Mar,Westmoreland,,18.2269197,-78.1320592,0,0,0,0
Negril,Westmoreland,,18.2788727,-78.3444296,0,5,1,6
Bluefields,Westmoreland,,18.1661141,-78.0267364,0,0,0,0
Grange Hill,Westmoreland,,18.3109894,-78.1877922,0,0,0,0
Bethel Town,Westmoreland,,18.2955723,-77.9516462,0,0,0,0
Seaford Town,Westmoreland,,18.2509631,-77.9067467,0,0,0,0
Amity,Westmoreland,,18.2517409,-78.1036988,0,0,0,0
Ashton,Westmoreland,,18.2944378,-78.1564432,0,8,0,8
Banbury,Westmoreland,,18.2944378,-78.1564432,0,0,0,0
Barneyside,Westmoreland,,18.2676022,-77.9675667,0,0,0,0
Barreyside,Westmoreland,,18.2944378,-78.1564432,0,0,0,0
Bath,Westmoreland,,18.2944378,-78.1564432,0,0,0,0
Bath Mountain,Westmoreland,,18.2,-78.0333333,0,0,0,0
Beaston Spring,Westmoreland,,18.1472356,-77.9724374,0,0,0,0
Beeston Spring,Westmoreland,,18.1472356,-77.9724374,0,0,0,0
Beaufort,Westmoreland,,18.2944378,-78.1564432,0,0,0,0
Belmont,Westmoreland,,18.1535642,-78.0266735,0,0,0,0
Belvedere,Westmoreland,,18.2944378,-78.1564432,0,0,0,0
Berkshire,Westmoreland,,18.2944378,-78.1564432,0,0,0,0
Big Bridge,Westmoreland,,18.2944378,-78.1564432,0,0,0,0
Big Woods,Westmoreland,,18.403007,-77.1098384,0,0,0,0
Black Heath,Westmoreland,,18.2944378,-78.1564432,0,0,0,0
Blue Castle,Westmoreland,,18.2944378,-78.1564432,0,0,0,0
Blue Castle Farm,Westmoreland,,18.2944378,-78.1564432,0,0,0,0
Blue Hole,Westmoreland,,18.2289565,-78.2832305,0,0,0,0
Bog,Westmoreland,,18.2944378,-78.1564432,0,0,0,0
Brighton,Westmoreland,,18.1741581,-78.0295273,0,0,0,0
Bronte,Westmoreland,,18.2944378,-78.1564432,0,0,0,0
Broughton,Westmoreland,,18.2272364,-78.2249582,0,0,0,0
Burnt Savannah,Westmoreland,,18.3166667,-78.1,0,0,0,0
Cairn Curran,Westmoreland,,18.2264526,-78.0119726,0,0,0,0
Caledonia,Westmoreland,,18.2477273,-78.0166847,0,0,0,0
Campbleton Gardens,Westmoreland,,18.2944378,-78.1564432,0,0,0,0
Carmel,Westmoreland,,18.2432602,-78.050688,0,0,0,0
Cave,Westmoreland,,18.2071384,-78.043795,0,0,0,0
Chantilly,Westmoreland,,18.2944378,-78.1564432,0,0,0,0
Colluden,Westmoreland,,18.2944378,-78.1564432,0,0,0,0
Content,Westmoreland,,18.2944378,-78.1564432,0,0,0,0
Cornwall Mountain,Westmoreland,,18.2914145,-77.9888917,0,0,0,0
Darliston,Westmoreland,,18.2349018,-77.9752926,0,0,0,0
Delveland,Westmoreland,,18.2771989,-78.2283232,0,0,0,0
Dillion Bigwoods,Westmoreland,,18.2144338,-77.9783369,0,0,0,0
Dundee,Westmoreland,,18.2944378,-78.1564432,0,0,0,0
Enfield,Westmoreland,,18.2944378,-78.1564432,0,0,0,0
Ferris,Westmoreland,,18.2944378,-78.1564432,0,0,0,0
Fort Williams,Westmoreland,,18.2944378,-78.1564432,0,0,0,0
Frome,Westmoreland,,18.2927112,-78.1521676,0,0,0,0
Fullersfield,Westmoreland,,18.2871307,-78.1990099,0,0,0,0
Georges Plain,Westmoreland,,18.2789542,-78.1421905,0,0,0,0
Gooden's River,Westmoreland,,18.2944378,-78.1564432,0,0,0,0
Haddo,Westmoreland,,18.2925319,-78.0216792,0,0,0,0
Harmony Town,Westmoreland,,18.2944378,-78.1564432,0,0,0,0
Hertford,Westmoreland,,18.2582307,-78.0908651,0,0,0,0
Hopewell,Westmoreland,,18.2263706,-77.979691,0,0,0,0
Jerusalem,Westmoreland,,18.2944378,-78.1564432,0,0,0,0
Kentucky,Westmoreland,,18.2944378,-78.1564432,0,0,0,0
Kilmarnoch,Westmoreland,,18.2944378,-78.1564432,0,0,0,0
Kings Valley,Westmoreland,,18.3313889,-78.1977778,0,0,0,0
Lambs River,Westmoreland,,18.2634873,-77.9215997,0,0,0,0
Leamington,Westmoreland,,18.2032053,-77.9353127,0,0,0,0
Lenox Bigwoods,Westmoreland,,18.2029522,-77.963932,0,0,0,0
Little London,Westmoreland,,18.24402,-78.207733,0,0,0,0
Llandilo,Westmoreland,,18.2339324,-78.13385,0,1,0,1
Mackfield,Westmoreland,,18.31404,-78.012733,0,0,0,0
Mearnsville,Westmoreland,,18.182313,-78.0316676,0,0,0,0
Mint,Westmoreland,,18.2944378,-78.1564432,0,0,0,0
Mount Airy,Westmoreland,,18.2512178,-78.3284526,0,0,0,0
Mount Stewart,Westmoreland,,18.2944378,-78.1564432,0,0,0,0
New Market Oval,Westmoreland,,18.2944378,-78.1564432,0,0,0,0
New Roads,Westmoreland,,18.2944378,-78.1564432,0,0,0,0
New Shafton,Westmoreland,,18.166124,-78.0091075,0,0,0,0
New Works,Westmoreland,,18.2944378,-78.1564432,0,0,0,0
Nordutch Gardens,Westmoreland,,18.2944378,-78.1564432,0,0,0,0
Ocean Terrace Estate,Westmoreland,,18.2944378,-78.1564432,0,0,0,0
Orange Hill,Westmoreland,,18.2633333,-77.9897222,0,0,0,0
Paul Island,Westmoreland,,18.2729229,-78.1905157,0,0,0,0
Petersfield,Westmoreland,,18.2616156,-78.0712516,0,0,0,0
Petersville,Westmoreland,,18.1092614,-77.948165,0,0,0,0
Pleasant Park,Westmoreland,,18.2944378,-78.1564432,0,0,0,0
Porters Mountain,Westmoreland,,18.2944378,-78.1564432,0,0,0,0
Red Hills,Westmoreland,,18.306553,-78.106033,0,0,0,0
Revival,Westmoreland,,18.2258294,-78.2861415,0,0,0,0
Roaring River,Westmoreland,,18.2850226,-78.0541062,0,0,0,0
Russia,Westmoreland,,18.2944378,-78.1564432,0,0,0,0
Savannah-la-mar Business Dist.,Westmoreland,,18.2269197,-78.1320592,0,0,0,0
Seaton Crescent,Westmoreland,,18.2291677,-78.1393397,0,0,0,0
Shefield,Westmoreland,,18.2775801,-78.3045768,0,0,0,0
Shoalin Grotto,Westmoreland,,18.2944378,-78.1564432,0,0,0,0
Smithfield,Westmoreland,,18.2202009,-78.1088222,0,0,0,0
South Sea View Park,Westmoreland,,18.069408,-77.95714,0,0,0,0
St. Leonards,Westmoreland,,18.2944378,-78.1564432,0,0,0,0
Strathbogie,Westmoreland,,18.2291726,-78.1231471,0,0,0,0
Strawberry,Westmoreland,,18.2944378,-78.1564432,0,0,0,0
Struie,Westmoreland,,18.2944378,-78.1564432,0,0,0,0
Three Mile River,Westmoreland,,18.2944378,-78.1564432,0,0,0,0
Top Lincoln,Westmoreland,,18.2944378,-78.1564432,0,0,0,0
Town Head,Westmoreland,,18.2944378,-78.1564432,0,0,0,0
Truro,Westmoreland,,18.3131767,-78.1515039,0,0,0,0
Tug Hill,Westmoreland,,18.2944378,-78.1564432,0,0,0,0
Walter Cheddisingh,Westmoreland,,18.2209784,-78.131323,0,0,0,0
Water Works,Westmoreland,,18.2944378,-78.1564432,0,0,0,0
Whitehouse,Westmoreland,,18.0943972,-77.9667267,0,0,0,0
Whithorn,Westmoreland,,18.2798539,-78.0288139,0,0,0,0
Williamsfield,Westmoreland,,18.3297033,-78.0691273,0,0,0,0
Belle Isle,Westmoreland,,18.2441013,-78.2027547,0,0,0,0
Saint Ann's Bay,St. Ann,,18.4329473,-77.1973997,0,0,0,0
Ocho Rios,St. Ann,,18.4073894,-77.1031345,1,3,1,5
Runaway Bay,St. Ann,,18.4562829,-77.3266991,0,2,1,3
Brown's Town,St. Ann,,18.3894586,-77.3726379,0,0,0,0
Discovery Bay,St. Ann,,18.458202,-77.3984704,0,2,0,2
Moneague,St. Ann,,18.2715417,-77.1133744,0,0,0,0
Aboukir,St. Ann,,18.2601566,-77.364037,0,0,0,0
Alderton,St. Ann,,18.2988335,-77.2053054,0,0,0,0
Alexandria,St. Ann,,18.3051999,-77.3539774,0,0,0,0
Alva,St. Ann,,18.3059959,-77.3223915,0,0,0,0
Bamboo,St. Ann,,18.3852144,-77.2663771,0,1,0,1
Beecher Town,St. Ann,,18.3675407,-77.1154387,0,0,0,0
Bensonton,St. Ann,,18.2399686,-77.2133368,0,0,0,0
Bethany,St. Ann,,18.3281428,-77.2405153,0,0,0,0
Blackstonedge,St. Ann,,18.260072,-77.0148158,0,0,0,0
Bohemia,St. Ann,,18.3281428,-77.2405153,0,0,0,0
Borobridge,St. Ann,,18.2208495,-77.3950412,0,0,0,0
Breadnut Hill,St. Ann,,18.3831609,-77.0866646,0,0,0,0
Calderwood,St. Ann,,18.3281428,-77.2405153,0,0,0,0
Cascade,St. Ann,,18.3714998,-77.0419103,0,0,0,0
Cave Valley,St. Ann,,18.2237563,-77.3661788,0,0,0,0
Chalky Hill,St. Ann,,18.4036377,-77.1638468,0,0,0,0
Chester,St. Ann,,18.442832,-77.2578204,0,0,0,0
Claremont,St. Ann,,18.3317313,-77.1762334,0,0,1,1
Cole Gate,St. Ann,,18.3593964,-77.0902615,0,0,0,0
Content Garden,St. Ann,,18.4067289,-77.0801899,0,1,0,1
Cuffie Ridge,St. Ann,,18.2050507,-77.4167946,0,0,0,0
Epworth,St. Ann,,18.3281428,-77.2405153,0,0,0,0
Exchange,St. Ann,,18.3281428,-77.2405153,0,0,0,0
Faith's Pen,St. Ann,,18.2390323,-77.0960163,0,0,0,0
Gibraltar,St. Ann,,18.3480465,-77.4286011,0,0,0,0
Golden Grove,St. Ann,,18.3290962,-77.1458583,2,0,0,2
Great Pond,St. Ann,,18.398491,-77.087384,0,0,0,0
Higgin Land,St. Ann,,18.3175445,-77.2966293,0,0,0,0
Hinds Town,St. Ann,,18.3605757,-77.0997095,0,0,0,0
Hopewell,St. Ann,,18.3281428,-77.2405153,0,0,0,0
Inverness,St. Ann,,18.2773354,-77.3618726,0,0,0,0
Lime Hall,St. Ann,,18.4130987,-77.2084308,0,0,0,0
Lime Tree Gardens,St. Ann,,18.3508843,-77.3757153,0,0,0,0
Linton Park,St. Ann,,18.28832,-77.3969457,0,0,0,0
Macknie,St. Ann,,18.1928269,-77.2504835,0,0,0,0
Madras,St. Ann,,18.3016818,-77.4424878,0,0,0,0
Mansfield,St. Ann,,18.3281428,-77.2405153,0,0,0,0
Mount Moriah,St. Ann,,18.3281428,-77.2405153,0,0,0,0
Mount Zion,St. Ann,,18.452365,-77.2721939,0,0,0,0
Parry Town,St. Ann,,18.3945285,-77.1096021,0,0,0,0
Philadelphia,St. Ann,,18.3931702,-77.3195196,0,0,0,0
Pimento Walk,St. Ann,,18.3915979,-77.1211267,0,0,0,0
Priory,St. Ann,,18.4391752,-77.2247081,0,0,0,0
River Head,St. Ann,,18.3963902,-77.4418816,0,0,0,0
St. D'Acre,St. Ann,,18.3271302,-77.3661788,0,0,0,0
Steer Town,St. Ann,,18.4131229,-77.1628959,0,0,0,0
Sturge Town,St. Ann,,18.4196773,-77.3130576,0,0,0,0
Walkers Wood,St. Ann,,18.3222424,-77.0895421,0,0,0,0
Watt Town,St. Ann,,18.309032,-77.4113845,0,0,0,0
York Castle,St. Ann,,18.3879971,-77.3643897,0,0,0,0
Drax Hall,St. Ann,,18.4268928,-77.1793403,0,0,0,0
Fern Gully,St. Ann,,18.3859115,-77.0918483,0,0,0,0
Flamstead,St. Ann,,18.3281428,-77.2405153,0,0,0,0
Llandovery,St. Ann,,18.4565763,-77.2450615,0,0,0,0
Port Maria,St. Mary,,18.3653596,-76.8922729,3,1,0,4
Annotto Bay,St. Mary,,18.2703512,-76.7704413,0,0,0,0
Oracabessa,St. Mary,,18.4004796,-76.9495945,0,1,0,1
Highgate,St. Mary,,18.2722961,-76.8922729,0,1,0,1
Richmond,St. Mary,,18.2544504,-76.8865085,0,0,0,0
Agua Alta Vale,St. Mary,,18.3092711,-76.964306,0,3,0,3
Camberwell,St. Mary,,18.2219894,-76.7948446,0,0,0,0
Enfield Road,St. Mary,,18.3092711,-76.964306,0,0,0,0
Free Hill,St. Mary,,18.354271,-76.9264895,0,0,0,0
Gayle,St. Mary,,18.3267954,-77.0075055,0,0,0,0
Geddes Town,St. Mary,,18.3371871,-76.9586438,0,0,0,0
Grants Town,St. Mary,,18.3092711,-76.964306,0,0,0,0
Hampstead Road,St. Mary,,18.3092711,-76.964306,0,0,0,0
Hazard,St. Mary,,18.3092711,-76.964306,0,0,0,0
Hunts Town,St. Mary,,18.3424169,-76.9680654,0,0,0,0
Islington,St. Mary,,18.3107128,-76.8597727,0,1,0,1
Lindon Housing Scheme,St. Mary,,18.3107229,-76.8597303,0,0,0,0
Lucky Hill,St. Mary,,18.309042,-77.0159954,0,0,0,0
Mount Alto,St. Mary,,18.3092711,-76.964306,0,0,0,0
Pembroke Hall,St. Mary,,18.0295934,-76.8288489,0,0,0,0
Planters Hall,St. Mary,,17.990071,-77.1593458,0,0,0,0
Prichards Pen,St. Mary,,18.3092711,-76.964306,0,0,0,0
Rio Nuevo,St. Mary,,18.38907317,-77.01902249,0,0,0,0
Robins Bay,St. Mary,,18.3035095,-76.7992156,0,0,0,0
Trinityland,St. Mary,,18.3092711,-76.964306,0,0,0,0
Woodside,St. Mary,,18.3092711,-76.964306,0,0,0,0
Port Antonio,Portland,,18.1788783,-76.4521486,0,1,0,1
Buff Bay,Portland,,18.2342641,-76.6600415,0,0,0,0
Albany,Portland,,18.133333,-76.616667,0,0,0,0
Altamont,Portland,,18.0844274,-76.4100267,0,4,0,4
Ashcott,Portland,,18.0844274,-76.4100267,0,0,0,0
Bagatelle,Portland,,18.0844274,-76.4100267,0,0,0,0
Balcarres,Portland,,18.0844274,-76.4100267,0,0,0,0
Bangor Ridge,Portland,,18.1662423,-76.6847204,0,0,0,0
Barracks Hall,Portland,,18.0844274,-76.4100267,0,0,0,0
Batcarres,Portland,,18.0844274,-76.4100267,0,0,0,0
Belcarres,Portland,,18.0844274,-76.4100267,0,0,0,0
Belcastle,Portland,,18.0844274,-76.4100267,0,0,0,0
Belecastle,Portland,,18.0844274,-76.4100267,0,0,0,0
Belle Castle,Portland,,17.9994847,-76.2688646,0,0,0,0
Belvedere,Portland,,18.0844274,-76.4100267,0,0,0,0
Belvidere,Portland,,18.0844274,-76.4100267,0,0,0,0
Berridale,Portland,,18.0844274,-76.4100267,0,0,0,0
Bettys Hope,Portland,,18.0844274,-76.4100267,0,0,0,0
Biscany,Portland,,18.0844274,-76.4100267,0,0,0,0
Black Rock,Portland,,18.0844274,-76.4100267,0,0,0,0
Bloomfield,Portland,,18.0844274,-76.4100267,0,0,0,0
Boston,Portland,,18.1566667,-76.3530556,0,0,0,0
Breadfruit,Portland,,18.0844274,-76.4100267,0,0,0,0
Breadfruit Hill,Portland,,18.0844274,-76.4100267,0,0,0,0
Breastworks,Portland,,18.0844274,-76.4100267,0,0,0,0
Bryans Bay,Portland,,18.184121,-76.4655681,0,0,0,0
Cattawood Springs,Portland,,18.0674269,-76.4324698,0,0,0,0
Charles Town,Portland,,18.224199,-76.66217,0,0,0,0
Chestervale,Portland,,18.0844274,-76.4100267,0,0,0,0
Clydesdale,Portland,,18.0844274,-76.4100267,0,0,0,0
Cold Harbour,Portland,,18.0844274,-76.4100267,0,0,0,0
Drapers,Portland,,18.168794,-76.4129198,0,0,0,0
Fairy Hill,Portland,,18.1641262,-76.3680696,0,0,0,0
Hope Bay,Portland,,18.1984796,-76.5647174,0,0,0,0
Long Bay,Portland,,18.097119,-76.313795,0,0,0,0
Manchioneal,Portland,,18.0443274,-76.2754275,0,0,0,0
Moore Town,Portland,,18.0723211,-76.425362,0,0,0,0
Orange Bay,Portland,,18.0844274,-76.4100267,0,0,0,0
Ross Craig,Portland,,18.1674943,-76.4347816,0,0,0,0
San San,Portland,,18.1714344,-76.3913567,0,0,0,0
St. Margaret's Bay,Portland,,18.1917654,-76.5314817,0,0,0,0
Section,Portland,,18.0844274,-76.4100267,0,0,0,0
Windsor Castle,Portland,,18.2558236,-76.6773655,0,1,0,1
Morant Bay,St. Thomas,,17.8886522,-76.3897733,0,0,0,0
Yallahs,St. Thomas,,17.8768385,-76.5517132,0,0,0,0
Seaforth,St. Thomas,,17.9453521,-76.4534165,0,0,0,0
Port Morant,St. Thomas,,17.8961425,-76.331889,0,1,0,1
Bath,St. Thomas,,17.9557781,-76.3550457,0,0,0,0
Golden Grove,St. Thomas,,17.90835,-76.2535709,0,0,0,0
Easington,St. Thomas,,17.9179214,-76.579165,0,0,0,0
Trinity Ville,St. Thomas,,17.9618459,-76.5228101,0,0,0,0
Cedar Valley,St. Thomas,,17.9910194,-76.5855861,0,0,0,0
Aeolus Valley,St. Thomas,,17.9038334,-76.5341368,0,0,0,0
Airy Castle,St. Thomas,,17.9232645,-76.3463624,0,0,0,0
Albion plantation,St. Thomas,,17.8866696,-76.6094997,0,1,4,5
Barking Lodge,St. Thomas,,17.8928056,-76.2844079,0,0,0,0
Dalvey,St. Thomas,,17.9098286,-76.2476863,0,0,0,0
Duckenfield,St. Thomas,,17.9215181,-76.2609463,0,0,0,0
Hagley Gap,St. Thomas,,18.0136173,-76.6196097,0,0,0,0
Hopewell Hall,St. Thomas,,17.9700261,-76.4331698,1,5,0,6
Lyssons,St. Thomas,,17.8768781,-76.3463624,0,1,0,1
Middleton,St. Thomas,,17.9441257,-76.4360623,0,0,0,0
Mount Vernon,St. Thomas,,17.9609073,-76.5611052,0,0,0,0
Prospect,St. Thomas,,17.9700261,-76.4331698,0,0,0,0
Quaw Hill,St. Thomas,,17.9700261,-76.4331698,0,0,0,0
Retreat,St. Thomas,,17.8740687,-76.3680696,0,0,0,0
Somerset,St. Thomas,,17.9723957,-76.5285945,0,0,0,0
Stony Gut,St. Thomas,,17.888839,-76.4175713,0,0,0,0
Sun Coast Beach Club,St. Thomas,,17.9268208,-76.6436084,0,0,0,0
